Store,Date,Temperature,Fuel_Price,MarkDown1,MarkDown2,MarkDown3,MarkDown4,MarkDown5,CPI,Unemployment,IsHoliday
39,16/09/2011,83.11,3.526,,,,,,214.7934111,8.177,False
39,23/09/2011,78.75,3.467,,,,,,215.1233185,8.177,False
39,30/09/2011,81.51,3.355,,,,,,215.4532259,8.177,False
39,07/10/2011,71.68,3.285,,,,,,215.7831333,7.716,False
39,14/10/2011,73.79,3.274,,,,,,216.0885258,7.716,False
39,21/10/2011,67.65,3.353,,,,,,216.2468287,7.716,False
39,28/10/2011,71.05,3.372,,,,,,216.4051315,7.716,False
39,04/11/2011,58.04,3.332,,,,,,216.5634344,7.716,False
39,11/11/2011,63.11,3.297,8894.84,10678.05,342.83,2414.95,10590.23,216.7217373,7.716,False
39,18/11/2011,66.09,3.308,3378.96,215.22,162.51,486.32,6941.94,216.9395861,7.716,False
39,25/11/2011,66.36,3.236,224.08,292.94,77126.16,77.74,4875.43,217.1812533,7.716,True
39,02/12/2011,53.14,3.172,2966.71,59.47,2100.01,3614.81,18646.29,217.4229206,7.716,False
39,09/12/2011,49.36,3.158,4462.95,,292.36,1354.79,22649.7,217.6645878,7.716,False
39,16/12/2011,58.58,3.159,873.38,15.15,505.72,650.86,6904.19,217.8781339,7.716,False
39,23/12/2011,54.62,3.112,3099.34,16.14,1339.1,213.49,4911.65,218.0541851,7.716,False
39,30/12/2011,47.6,3.129,5363.52,53918.62,193.95,383.85,8337.7,218.2302364,7.716,True
39,06/01/2012,55.83,3.157,4525.51,23319.85,120.18,117.6,9638.2,218.4062876,7.244,False
39,13/01/2012,54.66,3.261,7924.93,13698.33,83.04,477.43,10488.23,218.5823389,7.244,False
39,20/01/2012,58.04,3.268,919.82,4005.7,90.56,525.75,1798.51,218.6755292,7.244,False
39,27/01/2012,60.65,3.29,1119.34,2578.64,82.5,4.0,1647.3,218.7687195,7.244,False
39,03/02/2012,60.69,3.36,44153.98,1873.54,228.69,31484.58,24354.2,218.8619099,7.244,False
39,10/02/2012,52.89,3.409,6997.37,1891.53,115.26,7093.82,9198.59,218.9551002,7.244,True
39,17/02/2012,52.75,3.51,15632.4,6962.91,24.9,6631.5,23647.05,219.1148297,7.244,False
39,24/02/2012,61.1,3.555,7826.68,6839.78,2.0,983.61,10296.01,219.3244636,7.244,False
39,02/03/2012,64.05,3.63,22838.35,998.95,7.2,5781.24,12907.82,219.5340975,7.244,False
39,09/03/2012,61.64,3.669,5772.82,286.18,3.57,735.05,28766.27,219.7437314,7.244,False
39,16/03/2012,65.81,3.734,4150.56,184.15,6.24,1947.25,13451.44,219.8956335,7.244,False
39,23/03/2012,67.91,3.787,4355.72,91.37,4.08,305.89,3682.22,219.9705599,7.244,False
39,30/03/2012,69.11,3.845,8547.51,93.82,,998.98,15532.43,220.0454862,7.244,False
39,06/04/2012,73.49,3.891,9057.89,,46.4,3572.95,15694.32,220.1204125,6.989,False
39,13/04/2012,71.59,3.891,5032.34,3521.71,15.9,1241.57,10538.44,220.1953389,6.989,False
39,20/04/2012,70.04,3.877,5206.6,207.27,0.2,318.73,5241.86,220.2483937,6.989,False
39,27/04/2012,69.11,3.814,5821.79,,-0.2,164.58,8663.37,220.3014485,6.989,False
39,04/05/2012,77.15,3.749,15959.12,,30.12,3483.71,12856.15,220.3545033,6.989,False
39,11/05/2012,75.52,3.688,8891.08,,8.34,4182.79,3506.41,220.4075581,6.989,False
39,18/05/2012,72.36,3.63,6962.99,,7.0,2166.87,18547.03,220.4252149,6.989,False
39,25/05/2012,78.31,3.561,10926.02,,967.95,1983.54,6579.15,220.4287124,6.989,False
39,01/06/2012,80.33,3.501,8200.12,5.8,64.71,1772.73,9316.5,220.4322099,6.989,False
39,08/06/2012,81.12,3.452,9356.4,351.8,0.24,1857.12,11870.68,220.4357073,6.989,False
39,15/06/2012,81.33,3.393,8270.46,76.4,0.06,3324.17,25107.85,220.4494148,6.989,False
39,22/06/2012,79.84,3.346,7354.18,244.0,0.99,2788.54,53212.72,220.4886472,6.989,False
39,29/06/2012,85.72,3.286,4579.58,238.8,,725.41,85851.87,220.5278796,6.989,False
39,06/07/2012,81.05,3.227,11507.92,254.4,90.79,5163.63,108519.28,220.567112,6.623,False
39,13/07/2012,78.16,3.256,4989.73,125.2,15.75,3398.73,105223.11,220.6063444,6.623,False
39,20/07/2012,80.32,3.311,6182.24,246.4,31.54,5087.21,63005.58,220.6148749,6.623,False
39,27/07/2012,82.89,3.407,1476.42,77.44,7.24,1008.3,35419.19,220.6234054,6.623,False
39,03/08/2012,84.05,3.417,25778.96,173.2,51.52,24900.66,4573.34,220.6319358,6.623,False
39,10/08/2012,83.47,3.494,13884.35,122.0,112.9,4259.15,10223.2,220.6404663,6.623,False
39,17/08/2012,84.72,3.571,2549.92,133.06,2.33,4623.71,4609.77,220.7199609,6.623,False
39,24/08/2012,80.49,3.62,6741.36,81.74,0.02,4657.6,13783.29,220.8526787,6.623,False
39,31/08/2012,83.72,3.638,24675.17,73.5,63.4,12048.3,15590.53,220.9853964,6.623,False
39,07/09/2012,83.71,3.73,22865.19,31.76,197.48,1883.05,10351.49,221.1181142,6.623,True
39,14/09/2012,76.71,3.717,9997.12,4.0,67.58,1208.44,18054.35,221.2601207,6.623,False
39,21/09/2012,73.58,3.721,11644.3,112.91,6.7,3300.92,13244.99,221.4578604,6.623,False
39,28/09/2012,78.04,3.666,4472.55,50.82,4.25,2331.3,10273.98,221.6556,6.623,False
39,05/10/2012,72.05,3.617,6657.7,,47.01,5234.34,6313.88,221.8533396,6.228,False
39,12/10/2012,69.88,3.601,2360.14,,22.59,579.21,15387.94,222.0510793,6.228,False
39,19/10/2012,71.45,3.594,2139.7,,1.6,99.01,11831.06,222.0951719,6.228,False
39,26/10/2012,72.9,3.506,6057.96,99.85,159.0,602.37,3392.16,222.1136566,6.228,False
39,02/11/2012,59.87,3.386,9892.4,5275.34,78.2,3803.94,6234.92,222.1321414,6.228,False
39,09/11/2012,66.37,3.314,18333.07,6960.72,1.18,3460.54,6471.54,222.1506262,6.228,False
39,16/11/2012,59.24,3.252,7234.65,250.61,120.12,788.31,12950.54,222.1817339,6.228,False
39,23/11/2012,59.53,3.211,5598.01,9.69,109976.14,614.0,8803.56,222.2296722,6.228,True
39,30/11/2012,58.66,3.207,2630.69,,3426.72,107.26,4697.05,222.2776106,6.228,False
39,07/12/2012,67.94,3.198,9798.8,,512.0,2262.92,15133.2,222.3255489,6.228,False
39,14/12/2012,55.02,3.168,2645.91,,276.04,317.39,8830.77,222.3838038,6.228,False
39,21/12/2012,62.24,3.098,3158.68,104.92,388.19,3.96,3107.24,222.5039579,6.228,False
39,28/12/2012,53.57,3.108,12449.73,29240.11,436.2,29.21,4395.17,222.624112,6.228,True
39,04/01/2013,47.76,3.161,3231.14,18071.9,11.28,1.47,14160.74,222.7442661,6.266,False
39,11/01/2013,53.33,3.243,4903.75,13676.23,-17.44,245.14,22400.65,222.8644203,6.266,False
39,18/01/2013,48.08,3.237,10122.01,5456.61,6.23,39.13,13030.38,222.9006165,6.266,False
39,25/01/2013,58.52,3.227,1537.56,1280.46,,127.38,15206.77,222.9032296,6.266,False
39,01/02/2013,63.7,3.244,12983.77,1306.14,456.58,14007.38,11693.89,222.9058427,6.266,False
39,08/02/2013,62.72,3.417,66099.34,744.18,104.98,32731.31,9876.41,222.9084557,6.266,True
39,15/02/2013,56.43,3.475,26474.58,3524.05,70.0,5129.55,23963.38,222.9512794,6.266,False
39,22/02/2013,58.39,3.597,10278.27,8263.41,33.38,817.84,6193.88,223.0946294,6.266,False
39,01/03/2013,54.16,3.711,14296.67,865.25,7.2,673.89,6867.11,223.2379794,6.266,False
39,08/03/2013,55.67,3.658,27695.5,281.91,110.23,8238.98,9691.72,223.3813294,6.266,False
39,15/03/2013,59.54,3.622,6765.39,,21.34,183.2,4959.3,223.5072315,6.266,False
39,22/03/2013,68.91,3.611,15913.97,,1059.0,3070.72,20870.98,223.5895142,6.266,False
39,29/03/2013,57.86,3.606,8975.78,,1141.07,306.0,5491.29,223.6717968,6.266,False
39,05/04/2013,63.99,3.583,20798.67,2696.7,274.31,1356.96,17474.76,223.7540794,6.143,False
39,12/04/2013,65.84,3.529,8616.47,1160.76,39.16,1756.13,2483.51,223.836362,6.143,False
39,19/04/2013,68.88,3.451,8062.41,92.01,149.2,120.61,18599.3,223.836362,6.143,False
39,26/04/2013,63.95,3.417,7236.84,1.49,126.4,363.23,4894.87,223.836362,6.143,False
39,03/05/2013,69.75,3.386,31117.69,3.0,60.79,7944.62,6107.12,,,False
39,10/05/2013,67.55,3.392,7688.38,267.06,84.19,663.3,13170.14,,,False
39,17/05/2013,73.27,3.454,10051.98,408.88,21.86,2220.0,18757.28,,,False
39,24/05/2013,80.82,3.494,48629.6,635.82,1334.14,22927.49,18286.14,,,False
39,31/05/2013,80.74,3.466,46079.12,571.9,679.68,5057.35,23525.36,,,False
39,07/06/2013,80.25,3.439,39810.3,1015.34,92.65,31558.32,43336.34,,,False
39,14/06/2013,80.96,3.431,27161.79,1069.77,381.57,11720.39,13143.5,,,False
39,21/06/2013,84.67,3.479,24462.35,520.05,242.32,12723.81,45050.55,,,False
39,28/06/2013,86.17,3.495,30917.34,992.26,1.47,16715.28,6213.33,,,False
39,05/07/2013,84.26,3.422,16119.68,3849.12,963.31,11556.02,21473.17,,,False
39,12/07/2013,85.0,3.4,9353.87,2028.9,76.55,5948.91,4778.92,,,False
39,19/07/2013,81.69,3.556,6732.22,1628.15,50.3,1505.37,4250.58,,,False
39,26/07/2013,83.84,3.62,12682.46,1094.97,21.85,170.61,2779.41,,,False
40,05/02/2010,14.48,2.788,,,,,,131.5279032,5.892,False
40,12/02/2010,20.84,2.771,,,,,,131.5866129,5.892,True
40,19/02/2010,27.84,2.747,,,,,,131.637,5.892,False
40,26/02/2010,33.32,2.753,,,,,,131.686,5.892,False
40,05/03/2010,34.78,2.766,,,,,,131.735,5.892,False
40,12/03/2010,35.1,2.805,,,,,,131.784,5.892,False
40,19/03/2010,40.54,2.834,,,,,,131.8242903,5.892,False
40,26/03/2010,39.51,2.831,,,,,,131.863129,5.892,False
40,02/04/2010,41.39,2.826,,,,,,131.9019677,5.435,False
40,09/04/2010,54.31,2.849,,,,,,131.9408065,5.435,False
40,16/04/2010,43.3,2.885,,,,,,131.9809,5.435,False
40,23/04/2010,45.85,2.895,,,,,,132.0226667,5.435,False
40,30/04/2010,46.5,2.935,,,,,,132.0644333,5.435,False
40,07/05/2010,60.05,2.981,,,,,,132.1062,5.435,False
40,14/05/2010,45.5,2.983,,,,,,132.152129,5.435,False
40,21/05/2010,56.75,2.961,,,,,,132.2230323,5.435,False
40,28/05/2010,67.88,2.906,,,,,,132.2939355,5.435,False
40,04/06/2010,65.7,2.857,,,,,,132.3648387,5.435,False
40,11/06/2010,59.42,2.83,,,,,,132.4357419,5.435,False
40,18/06/2010,60.97,2.805,,,,,,132.4733333,5.435,False
40,25/06/2010,69.72,2.81,,,,,,132.4976,5.435,False
40,02/07/2010,65.47,2.815,,,,,,132.5218667,5.326,False
40,09/07/2010,76.67,2.806,,,,,,132.5461333,5.326,False
40,16/07/2010,74.25,2.796,,,,,,132.5667742,5.326,False
40,23/07/2010,71.79,2.784,,,,,,132.5825806,5.326,False
40,30/07/2010,71.35,2.792,,,,,,132.5983871,5.326,False
40,06/08/2010,69.16,2.792,,,,,,132.6141935,5.326,False
40,13/08/2010,67.47,2.81,,,,,,132.63,5.326,False
40,20/08/2010,67.05,2.796,,,,,,132.6616129,5.326,False
40,27/08/2010,62.57,2.77,,,,,,132.6932258,5.326,False
40,03/09/2010,70.66,2.735,,,,,,132.7248387,5.326,False
40,10/09/2010,62.75,2.717,,,,,,132.7564516,5.326,True
40,17/09/2010,55.34,2.716,,,,,,132.7670667,5.326,False
40,24/09/2010,55.63,2.718,,,,,,132.7619333,5.326,False
40,01/10/2010,62.01,2.717,,,,,,132.7568,5.287,False
40,08/10/2010,52.02,2.776,,,,,,132.7516667,5.287,False
40,15/10/2010,44.56,2.878,,,,,,132.7633548,5.287,False
40,22/10/2010,41.25,2.919,,,,,,132.8170968,5.287,False
40,29/10/2010,47.1,2.938,,,,,,132.8708387,5.287,False
40,05/11/2010,36.45,2.938,,,,,,132.9245806,5.287,False
40,12/11/2010,38.5,2.961,,,,,,132.9783226,5.287,False
40,19/11/2010,40.52,3.03,,,,,,132.9172,5.287,False
40,26/11/2010,32.94,3.07,,,,,,132.8369333,5.287,True
40,03/12/2010,33.6,3.065,,,,,,132.7566667,5.287,False
40,10/12/2010,21.64,3.132,,,,,,132.6764,5.287,False
40,17/12/2010,23.01,3.139,,,,,,132.6804516,5.287,False
40,24/12/2010,24.18,3.15,,,,,,132.7477419,5.287,False
40,31/12/2010,19.29,3.177,,,,,,132.8150323,5.287,True
40,07/01/2011,24.05,3.193,,,,,,132.8823226,5.114,False
40,14/01/2011,18.55,3.215,,,,,,132.9510645,5.114,False
40,21/01/2011,14.64,3.232,,,,,,133.0285161,5.114,False
40,28/01/2011,9.51,3.243,,,,,,133.1059677,5.114,False
40,04/02/2011,13.29,3.24,,,,,,133.1834194,5.114,False
40,11/02/2011,16.87,3.255,,,,,,133.260871,5.114,True
40,18/02/2011,21.82,3.263,,,,,,133.3701429,5.114,False
40,25/02/2011,16.5,3.281,,,,,,133.4921429,5.114,False
40,04/03/2011,18.49,3.437,,,,,,133.6141429,5.114,False
40,11/03/2011,30.53,3.6,,,,,,133.7361429,5.114,False
40,18/03/2011,35.76,3.634,,,,,,133.8492258,5.114,False
40,25/03/2011,28.89,3.624,,,,,,133.9587419,5.114,False
40,01/04/2011,28.6,3.638,,,,,,134.0682581,4.781,False
40,08/04/2011,34.77,3.72,,,,,,134.1777742,4.781,False
40,15/04/2011,43.69,3.823,,,,,,134.2784667,4.781,False
40,22/04/2011,39.32,3.919,,,,,,134.3571,4.781,False
40,29/04/2011,52.68,3.988,,,,,,134.4357333,4.781,False
40,06/05/2011,50.81,4.078,,,,,,134.5143667,4.781,False
40,13/05/2011,54.09,4.095,,,,,,134.593,4.781,False
40,20/05/2011,56.38,4.101,,,,,,134.6803871,4.781,False
40,27/05/2011,63.11,4.034,,,,,,134.7677742,4.781,False
40,03/06/2011,66.16,3.973,,,,,,134.8551613,4.781,False
40,10/06/2011,64.19,3.924,,,,,,134.9425484,4.781,False
40,17/06/2011,59.16,3.873,,,,,,135.0837333,4.781,False
40,24/06/2011,62.59,3.851,,,,,,135.2652667,4.781,False
40,01/07/2011,65.25,3.815,,,,,,135.4468,4.584,False
40,08/07/2011,67.86,3.784,,,,,,135.6283333,4.584,False
40,15/07/2011,68.9,3.827,,,,,,135.7837419,4.584,False
40,22/07/2011,73.34,3.882,,,,,,135.8738387,4.584,False
40,29/07/2011,67.45,3.898,,,,,,135.9639355,4.584,False
40,05/08/2011,68.1,3.903,,,,,,136.0540323,4.584,False
40,12/08/2011,68.3,3.88,,,,,,136.144129,4.584,False
40,19/08/2011,64.05,3.82,,,,,,136.183129,4.584,False
40,26/08/2011,65.01,3.796,,,,,,136.2136129,4.584,False
40,02/09/2011,63.79,3.784,,,,,,136.2440968,4.584,False
40,09/09/2011,64.83,3.809,,,,,,136.2745806,4.584,True
40,16/09/2011,58.28,3.809,,,,,,136.3145,4.584,False
40,23/09/2011,54.09,3.758,,,,,,136.367,4.584,False
40,30/09/2011,63.45,3.684,,,,,,136.4195,4.584,False
40,07/10/2011,50.21,3.633,,,,,,136.472,4.42,False
40,14/10/2011,53.9,3.583,,,,,,136.5150968,4.42,False
40,21/10/2011,51.61,3.618,,,,,,136.5017742,4.42,False
40,28/10/2011,42.09,3.604,,,,,,136.4884516,4.42,False
40,04/11/2011,35.4,3.586,,,,,,136.475129,4.42,False
40,11/11/2011,40.75,3.57,10215.77,4613.06,191.71,3200.57,4230.85,136.4618065,4.42,False
40,18/11/2011,41.85,3.571,1100.08,973.56,31.81,523.23,4424.36,136.4666667,4.42,False
40,25/11/2011,32.76,3.536,247.58,387.88,40362.07,47.0,1788.31,136.4788,4.42,True
40,02/12/2011,38.51,3.501,3966.04,23.47,2363.99,1455.15,15828.62,136.4909333,4.42,False
40,09/12/2011,34.48,3.47,7081.76,48.0,94.05,1757.4,6850.25,136.5030667,4.42,False
40,16/12/2011,29.53,3.445,3067.81,,383.98,409.64,2938.11,136.5335161,4.42,False
40,23/12/2011,24.46,3.413,709.32,0.03,1065.7,67.72,1336.25,136.5883871,4.42,False
40,30/12/2011,18.75,3.402,3392.38,25557.03,205.29,421.72,2439.13,136.6432581,4.42,True
40,06/01/2012,23.29,3.439,3737.24,20629.4,169.85,954.18,4508.45,136.698129,4.261,False
40,13/01/2012,25.9,3.523,1128.25,8721.23,129.34,393.68,3221.84,136.753,4.261,False
40,20/01/2012,14.02,3.542,1658.12,4319.36,101.86,79.54,1831.29,136.8564194,4.261,False
40,27/01/2012,22.91,3.568,388.59,1327.78,126.72,38.29,1619.57,136.9598387,4.261,False
40,03/02/2012,27.86,3.633,37980.28,2731.05,108.41,23597.14,5940.88,137.0632581,4.261,False
40,10/02/2012,23.92,3.655,10333.24,3700.62,66.01,11804.09,7697.87,137.1666774,4.261,True
40,17/02/2012,25.56,3.703,7763.37,7366.75,33.48,3995.44,2642.17,137.2583103,4.261,False
40,24/02/2012,29.88,3.751,15946.5,4605.02,2.0,4775.14,9418.31,137.3411034,4.261,False
40,02/03/2012,23.79,3.827,15284.47,1338.94,,14210.79,2121.92,137.4238966,4.261,False
40,09/03/2012,30.58,3.876,12923.38,404.23,0.4,7062.19,3420.25,137.5066897,4.261,False
40,16/03/2012,37.13,3.867,4935.36,176.82,3.85,1392.83,2458.54,137.5843871,4.261,False
40,23/03/2012,52.27,3.889,5767.41,126.67,2.77,179.94,3260.71,137.6552903,4.261,False
40,30/03/2012,36.25,3.921,7182.51,120.76,9.34,2017.53,2449.78,137.7261935,4.261,False
40,06/04/2012,36.54,3.957,9295.46,,43.35,1876.1,6042.42,137.7970968,4.125,False
40,13/04/2012,40.65,4.025,3668.82,4728.85,34.1,1320.78,1820.75,137.868,4.125,False
40,20/04/2012,55.3,4.046,3255.99,1157.63,25.59,340.56,3376.98,137.9230667,4.125,False
40,27/04/2012,47.51,4.023,2283.4,0.33,24.94,235.22,3113.29,137.9781333,4.125,False
40,04/05/2012,44.47,3.991,11685.51,,78.21,3129.14,3364.41,138.0332,4.125,False
40,11/05/2012,52.06,3.947,7071.55,,408.25,1175.76,4204.96,138.0882667,4.125,False
40,18/05/2012,57.59,3.899,4534.3,,103.83,735.81,2388.29,138.1065806,4.125,False
40,25/05/2012,65.25,3.85,8089.78,,303.31,1092.35,2448.8,138.1101935,4.125,False
40,01/06/2012,64.75,3.798,4641.39,30.6,50.93,420.22,1627.19,138.1138065,4.125,False
40,08/06/2012,55.78,3.746,7338.72,324.8,44.64,2067.65,7482.97,138.1174194,4.125,False
40,15/06/2012,63.39,3.683,5288.06,244.82,42.74,1165.96,3695.1,138.1295333,4.125,False
40,22/06/2012,69.32,3.629,5015.3,438.0,4.72,2018.54,7972.99,138.1629,4.125,False
40,29/06/2012,64.42,3.577,2925.88,253.2,,400.0,2124.37,138.1962667,4.125,False
40,06/07/2012,69.08,3.538,6364.53,277.2,62.07,2574.7,5230.46,138.2296333,4.156,False
40,13/07/2012,67.48,3.561,6891.02,80.4,23.66,1464.52,2677.19,138.263,4.156,False
40,20/07/2012,70.45,3.61,2418.7,89.01,9.52,1450.08,2263.49,138.2331935,4.156,False
40,27/07/2012,67.88,3.701,3351.06,156.53,4.24,1624.68,1605.34,138.2033871,4.156,False
40,03/08/2012,70.15,3.698,17749.81,377.88,6.36,8303.08,2209.27,138.1735806,4.156,False
40,10/08/2012,70.09,3.772,10965.65,130.69,0.32,4849.39,2266.63,138.1437742,4.156,False
40,17/08/2012,69.41,3.84,3810.18,27.3,1.02,181.12,6417.42,138.1857097,4.156,False
40,24/08/2012,63.91,3.874,6243.66,18.3,48.06,2649.7,6021.47,138.2814516,4.156,False
40,31/08/2012,66.11,3.884,10904.29,38.81,23.95,2684.17,2912.76,138.3771935,4.156,False
40,07/09/2012,65.06,3.921,5494.1,,39.66,925.8,3268.99,138.4729355,4.156,True
40,14/09/2012,59.38,3.988,5593.11,,62.88,290.65,7375.04,138.5673,4.156,False
40,21/09/2012,54.12,4.056,3688.63,7.64,,693.23,4870.36,138.6534,4.156,False
40,28/09/2012,50.98,4.018,3579.04,,,709.97,4706.12,138.7395,4.156,False
40,05/10/2012,57.21,4.027,4298.34,,12.03,1754.05,2273.79,138.8256,4.145,False
40,12/10/2012,47.35,4.029,1686.43,,13.85,589.97,6365.02,138.9117,4.145,False
40,19/10/2012,46.33,4.0,412.06,,6.1,38.76,2850.1,138.8336129,4.145,False
40,26/10/2012,49.65,3.917,3605.71,55.98,0.28,486.81,1389.06,138.7281613,4.145,False
40,02/11/2012,52.38,3.817,4763.33,9515.27,46.06,1439.36,1495.99,138.6227097,4.145,False
40,09/11/2012,34.19,3.792,3948.43,4885.8,,168.0,3180.34,138.5172581,4.145,False
40,16/11/2012,36.91,3.754,4930.23,1156.31,40.04,663.95,4493.04,138.4473,4.145,False
40,23/11/2012,29.93,3.727,572.8,,60367.16,50.88,2046.44,138.4246667,4.145,True
40,30/11/2012,26.96,3.713,2500.51,,3629.19,137.75,4472.88,138.4020333,4.145,False
40,07/12/2012,31.57,3.679,9053.91,,243.28,1070.89,5456.03,138.3794,4.145,False
40,14/12/2012,32.1,3.639,1143.93,,41.0,23.76,1247.18,138.3685484,4.145,False
40,21/12/2012,31.77,3.574,1729.06,130.42,82.07,23.84,4180.01,138.4283871,4.145,False
40,28/12/2012,23.54,3.56,9455.96,19951.08,149.44,6.94,2254.32,138.4882258,4.145,True
40,04/01/2013,10.13,3.577,2687.41,31425.65,2.6,,2729.63,138.5480645,3.932,False
40,11/01/2013,22.49,3.595,1271.06,12491.04,2.5,34.25,1155.19,138.6079032,3.932,False
40,18/01/2013,28.88,3.593,2622.04,3503.51,3.68,90.78,2943.16,138.6701613,3.932,False
40,25/01/2013,9.8,3.579,3602.9,1122.56,0.6,22.43,4893.31,138.7333871,3.932,False
40,01/02/2013,19.64,3.608,7317.46,727.29,244.4,10942.11,4768.43,138.7966129,3.932,False
40,08/02/2013,15.44,3.755,39257.29,615.07,131.92,25676.37,2592.77,138.8598387,3.932,True
40,15/02/2013,22.96,3.807,15949.59,2115.99,60.06,4676.18,4758.78,138.9004286,3.932,False
40,22/02/2013,21.28,3.866,9244.33,2551.72,5.7,4050.5,5822.12,138.8844286,3.932,False
40,01/03/2013,33.18,3.885,2229.33,54.92,,181.91,3241.55,138.8684286,3.932,False
40,08/03/2013,30.77,3.868,10872.53,124.06,23.11,1415.75,2725.28,138.8524286,3.932,False
40,15/03/2013,34.03,3.843,7586.97,,3.5,4040.62,2540.23,138.8597742,3.932,False
40,22/03/2013,23.88,3.819,7304.74,,381.1,1165.65,2170.95,138.9254839,3.932,False
40,29/03/2013,34.6,3.796,4709.35,,432.01,12.0,3696.08,138.9911935,3.932,False
40,05/04/2013,35.59,3.772,14110.29,5571.32,189.13,785.63,3892.09,139.0569032,3.684,False
40,12/04/2013,39.15,3.723,4934.33,3183.26,16.53,351.45,2203.32,139.1226129,3.684,False
40,19/04/2013,45.17,3.678,2322.79,1.59,20.1,133.68,1429.8,139.1226129,3.684,False
40,26/04/2013,44.43,3.626,1565.7,,42.99,44.44,1051.49,139.1226129,3.684,False
40,03/05/2013,54.09,3.601,4017.1,3.0,38.34,969.5,1746.41,,,False
40,10/05/2013,58.95,3.603,2940.02,108.0,103.66,1682.28,3583.38,,,False
40,17/05/2013,51.92,3.63,5483.84,251.0,6.18,677.62,4183.31,,,False
40,24/05/2013,57.87,3.654,2953.69,203.0,329.85,992.38,5144.3,,,False
40,31/05/2013,54.54,3.668,2616.09,231.07,112.1,,2573.6,,,False
40,07/06/2013,62.58,3.66,6457.95,466.9,56.18,2325.02,3102.25,,,False
40,14/06/2013,59.48,3.667,6955.21,360.52,282.44,2271.27,3919.71,,,False
40,21/06/2013,59.88,3.673,2108.31,391.33,232.8,3394.71,3314.68,,,False
40,28/06/2013,69.22,3.673,3892.57,594.13,5.0,2349.76,5587.5,,,False
40,05/07/2013,71.69,3.643,7457.06,1878.56,204.95,5000.48,2795.19,,,False
40,12/07/2013,71.82,3.645,2354.57,1440.95,57.23,1708.0,1281.55,,,False
40,19/07/2013,75.38,3.803,4340.79,1607.47,272.58,1540.36,2576.36,,,False
40,26/07/2013,66.9,3.879,145.1,1149.84,109.3,33.24,1116.3,,,False
41,05/02/2010,30.27,2.58,,,,,,189.3816974,7.541,False
41,12/02/2010,23.04,2.572,,,,,,189.4642725,7.541,True
41,19/02/2010,24.13,2.55,,,,,,189.5340998,7.541,False
41,26/02/2010,21.84,2.586,,,,,,189.6018023,7.541,False
41,05/03/2010,32.49,2.62,,,,,,189.6695049,7.541,False
41,12/03/2010,33.4,2.684,,,,,,189.7372075,7.541,False
41,19/03/2010,36.7,2.692,,,,,,189.734262,7.541,False
41,26/03/2010,32.3,2.717,,,,,,189.7195417,7.541,False
41,02/04/2010,41.31,2.725,,,,,,189.7048215,7.363,False
41,09/04/2010,37.3,2.75,,,,,,189.6901012,7.363,False
41,16/04/2010,46.79,2.765,,,,,,189.6628845,7.363,False
41,23/04/2010,45.29,2.776,,,,,,189.6190057,7.363,False
41,30/04/2010,40.2,2.766,,,,,,189.575127,7.363,False
41,07/05/2010,41.5,2.771,,,,,,189.5312483,7.363,False
41,14/05/2010,40.23,2.788,,,,,,189.4904116,7.363,False
41,21/05/2010,50.59,2.776,,,,,,189.467827,7.363,False
41,28/05/2010,56.97,2.737,,,,,,189.4452425,7.363,False
41,04/06/2010,60.13,2.7,,,,,,189.422658,7.363,False
41,11/06/2010,63.36,2.684,,,,,,189.4000734,7.363,False
41,18/06/2010,54.9,2.674,,,,,,189.4185259,7.363,False
41,25/06/2010,66.0,2.715,,,,,,189.4533931,7.363,False
41,02/07/2010,69.39,2.728,,,,,,189.4882603,7.335,False
41,09/07/2010,60.93,2.711,,,,,,189.5231276,7.335,False
41,16/07/2010,69.06,2.699,,,,,,189.6125456,7.335,False
41,23/07/2010,70.77,2.691,,,,,,189.774698,7.335,False
41,30/07/2010,70.07,2.69,,,,,,189.9368504,7.335,False
41,06/08/2010,69.21,2.69,,,,,,190.0990028,7.335,False
41,13/08/2010,70.24,2.723,,,,,,190.2611552,7.335,False
41,20/08/2010,66.19,2.732,,,,,,190.2948237,7.335,False
41,27/08/2010,70.59,2.731,,,,,,190.3284922,7.335,False
41,03/09/2010,64.13,2.773,,,,,,190.3621607,7.335,False
41,10/09/2010,63.3,2.78,,,,,,190.3958293,7.335,True
41,17/09/2010,62.4,2.8,,,,,,190.4688287,7.335,False
41,24/09/2010,60.11,2.793,,,,,,190.5713264,7.335,False
41,01/10/2010,62.67,2.759,,,,,,190.6738241,7.508,False
41,08/10/2010,57.1,2.745,,,,,,190.7763218,7.508,False
41,15/10/2010,49.91,2.762,,,,,,190.8623087,7.508,False
41,22/10/2010,48.09,2.762,,,,,,190.9070184,7.508,False
41,29/10/2010,42.16,2.748,,,,,,190.951728,7.508,False
41,05/11/2010,46.74,2.729,,,,,,190.9964377,7.508,False
41,12/11/2010,38.99,2.737,,,,,,191.0411474,7.508,False
41,19/11/2010,31.34,2.758,,,,,,191.0312172,7.508,False
41,26/11/2010,25.3,2.742,,,,,,191.0121805,7.508,True
41,03/12/2010,33.0,2.712,,,,,,190.9931437,7.508,False
41,10/12/2010,33.9,2.728,,,,,,190.9741069,7.508,False
41,17/12/2010,31.51,2.778,,,,,,191.0303376,7.508,False
41,24/12/2010,29.81,2.781,,,,,,191.1430189,7.508,False
41,31/12/2010,25.19,2.829,,,,,,191.2557002,7.508,True
41,07/01/2011,23.76,2.882,,,,,,191.3683815,7.241,False
41,14/01/2011,22.44,2.911,,,,,,191.4784939,7.241,False
41,21/01/2011,32.7,2.973,,,,,,191.5731924,7.241,False
41,28/01/2011,32.23,3.008,,,,,,191.667891,7.241,False
41,04/02/2011,14.56,3.011,,,,,,191.7625895,7.241,False
41,11/02/2011,16.81,3.037,,,,,,191.8572881,7.241,True
41,18/02/2011,39.39,3.051,,,,,,191.9178331,7.241,False
41,25/02/2011,26.1,3.101,,,,,,191.9647167,7.241,False
41,04/03/2011,34.99,3.232,,,,,,192.0116004,7.241,False
41,11/03/2011,31.6,3.372,,,,,,192.058484,7.241,False
41,18/03/2011,40.19,3.406,,,,,,192.1237981,7.241,False
41,25/03/2011,41.11,3.414,,,,,,192.1964844,7.241,False
41,01/04/2011,38.16,3.461,,,,,,192.2691707,6.934,False
41,08/04/2011,42.87,3.532,,,,,,192.3418571,6.934,False
41,15/04/2011,39.94,3.611,,,,,,192.4225954,6.934,False
41,22/04/2011,42.86,3.636,,,,,,192.5234638,6.934,False
41,29/04/2011,39.81,3.663,,,,,,192.6243322,6.934,False
41,06/05/2011,41.2,3.735,,,,,,192.7252006,6.934,False
41,13/05/2011,50.29,3.767,,,,,,192.826069,6.934,False
41,20/05/2011,41.11,3.828,,,,,,192.831317,6.934,False
41,27/05/2011,50.56,3.795,,,,,,192.8365651,6.934,False
41,03/06/2011,54.81,3.763,,,,,,192.8418131,6.934,False
41,10/06/2011,61.1,3.735,,,,,,192.8470612,6.934,False
41,17/06/2011,62.3,3.697,,,,,,192.9034759,6.934,False
41,24/06/2011,59.54,3.661,,,,,,192.9982655,6.934,False
41,01/07/2011,67.01,3.597,,,,,,193.0930552,6.901,False
41,08/07/2011,68.49,3.54,,,,,,193.1878448,6.901,False
41,15/07/2011,68.18,3.532,,,,,,193.3125484,6.901,False
41,22/07/2011,74.11,3.545,,,,,,193.5120367,6.901,False
41,29/07/2011,71.3,3.547,,,,,,193.711525,6.901,False
41,05/08/2011,72.19,3.554,,,,,,193.9110133,6.901,False
41,12/08/2011,67.65,3.542,,,,,,194.1105017,6.901,False
41,19/08/2011,70.55,3.499,,,,,,194.2500634,6.901,False
41,26/08/2011,71.61,3.485,,,,,,194.3796374,6.901,False
41,02/09/2011,70.37,3.511,,,,,,194.5092113,6.901,False
41,09/09/2011,58.31,3.566,,,,,,194.6387853,6.901,True
41,16/09/2011,54.82,3.596,,,,,,194.7419707,6.901,False
41,23/09/2011,55.06,3.581,,,,,,194.8099713,6.901,False
41,30/09/2011,61.77,3.538,,,,,,194.8779718,6.901,False
41,07/10/2011,58.74,3.498,,,,,,194.9459724,6.759,False
41,14/10/2011,47.43,3.491,,,,,,195.0261012,6.759,False
41,21/10/2011,45.62,3.548,,,,,,195.1789994,6.759,False
41,28/10/2011,37.02,3.55,,,,,,195.3318977,6.759,False
41,04/11/2011,35.04,3.527,,,,,,195.4847959,6.759,False
41,11/11/2011,32.87,3.505,17118.58,14927.3,309.49,8187.22,4925.08,195.6376941,6.759,False
41,18/11/2011,36.64,3.479,2513.13,581.97,69.52,194.54,6131.09,195.7184713,6.759,False
41,25/11/2011,36.37,3.424,256.95,1053.98,79621.2,40.76,2616.56,195.7704,6.759,True
41,02/12/2011,34.53,3.378,4594.56,305.47,1781.24,3168.1,21739.26,195.8223287,6.759,False
41,09/12/2011,17.05,3.331,2782.39,120.0,141.21,1946.76,9503.64,195.8742575,6.759,False
41,16/12/2011,25.01,3.266,7400.39,89.0,283.08,1269.68,4809.26,195.9841685,6.759,False
41,23/12/2011,25.59,3.173,1284.19,30.33,1059.9,35.76,3430.56,196.1713893,6.759,False
41,30/12/2011,34.12,3.119,5251.98,56106.2,134.7,1059.49,2366.54,196.3586101,6.759,True
41,06/01/2012,37.21,3.095,6453.63,22866.83,126.87,2582.41,4266.94,196.5458309,6.589,False
41,13/01/2012,27.49,3.077,1934.8,14627.46,112.2,542.89,4044.44,196.7330517,6.589,False
41,20/01/2012,31.56,3.055,2827.98,3671.37,119.55,530.03,1924.99,196.7796652,6.589,False
41,27/01/2012,33.15,3.038,2464.6,2126.51,112.01,129.54,817.31,196.8262786,6.589,False
41,03/02/2012,31.65,3.031,42353.77,4696.86,231.92,46238.28,6379.49,196.8728921,6.589,False
41,10/02/2012,22.0,3.103,8123.92,7618.89,127.05,13453.73,8066.43,196.9195056,6.589,True
41,17/02/2012,22.52,3.113,15838.59,10710.9,14.96,10097.26,7390.48,196.9432711,6.589,False
41,24/02/2012,27.89,3.129,9156.06,9181.74,3.2,3808.5,6148.47,196.9499007,6.589,False
41,02/03/2012,27.39,3.191,11028.34,3211.73,21.0,15693.13,1736.73,196.9565303,6.589,False
41,09/03/2012,35.3,3.286,15255.04,285.89,7.74,3203.61,3889.43,196.9631599,6.589,False
41,16/03/2012,47.76,3.486,6504.93,48.97,4.59,3026.39,2020.55,197.0457208,6.589,False
41,23/03/2012,44.04,3.664,4605.49,49.08,2.6,1134.03,3631.27,197.2295234,6.589,False
41,30/03/2012,51.56,3.75,5694.25,9.66,7.09,1677.31,2419.34,197.4133259,6.589,False
41,06/04/2012,48.48,3.854,6660.45,,49.15,2126.59,6791.05,197.5971285,6.547,False
41,13/04/2012,46.84,3.901,8316.49,3192.24,24.23,2770.63,3631.39,197.780931,6.547,False
41,20/04/2012,43.57,3.936,3677.88,1165.88,37.89,297.31,2227.25,197.7227385,6.547,False
41,27/04/2012,57.66,3.927,2984.54,7.76,203.99,39.75,3068.81,197.664546,6.547,False
41,04/05/2012,52.86,3.903,10188.76,,308.08,5903.45,2996.97,197.6063534,6.547,False
41,11/05/2012,50.22,3.87,8490.06,,250.13,2998.16,4051.18,197.5481609,6.547,False
41,18/05/2012,55.24,3.837,6415.86,,179.28,998.25,2976.99,197.5553137,6.547,False
41,25/05/2012,54.89,3.804,8215.27,,277.14,1198.25,2444.61,197.5886046,6.547,False
41,01/06/2012,57.29,3.764,9160.25,-2.0,127.56,1850.68,2652.68,197.6218954,6.547,False
41,08/06/2012,65.11,3.741,10245.25,527.4,78.07,749.73,5117.87,197.6551863,6.547,False
41,15/06/2012,64.92,3.723,6926.97,599.0,5.66,3396.74,4290.96,197.692292,6.547,False
41,22/06/2012,66.88,3.735,6390.33,753.88,8.58,3431.59,4741.92,197.7389345,6.547,False
41,29/06/2012,76.54,3.693,2864.01,346.02,,393.26,3293.29,197.785577,6.547,False
41,06/07/2012,74.47,3.646,7791.47,306.7,31.44,4856.67,4087.29,197.8322195,6.432,False
41,13/07/2012,67.24,3.613,6062.57,85.84,1.6,1805.08,2636.17,197.8788621,6.432,False
41,20/07/2012,74.06,3.585,4142.86,102.5,23.84,1362.4,5518.54,197.9290378,6.432,False
41,27/07/2012,73.31,3.57,4473.9,125.46,2.53,6596.96,3228.27,197.9792136,6.432,False
41,03/08/2012,73.16,3.528,40493.45,83.46,44.56,23826.2,3666.08,198.0293893,6.432,False
41,10/08/2012,71.73,3.509,11523.22,78.18,6.43,5132.4,2667.3,198.0795651,6.432,False
41,17/08/2012,65.77,3.545,1661.07,41.94,1.95,2391.72,3474.47,198.1001057,6.432,False
41,24/08/2012,69.07,3.558,6068.27,-20.0,85.74,3710.05,2287.85,198.0984199,6.432,False
41,31/08/2012,71.56,3.556,17423.04,14.94,58.91,4700.3,6180.92,198.0967341,6.432,False
41,07/09/2012,67.41,3.596,10220.45,22.8,145.19,4361.36,3187.05,198.0950484,6.432,True
41,14/09/2012,59.39,3.659,10525.1,,11.14,1373.26,6742.72,198.1267184,6.432,False
41,21/09/2012,59.81,3.765,11062.12,72.64,6.0,1125.21,7962.34,198.358523,6.432,False
41,28/09/2012,56.08,3.789,4578.46,51.73,3.0,1902.88,14423.97,198.5903276,6.432,False
41,05/10/2012,50.14,3.779,6094.23,,33.94,2887.65,3853.33,198.8221322,6.195,False
41,12/10/2012,39.38,3.76,1570.23,,26.31,834.8,14421.12,199.0539368,6.195,False
41,19/10/2012,49.56,3.75,3138.86,,6.17,129.04,8206.1,199.1481963,6.195,False
41,26/10/2012,41.8,3.686,4864.3,101.34,250.6,47.24,1524.43,199.2195317,6.195,False
41,02/11/2012,44.81,3.604,10766.99,8427.74,24.82,3695.23,3311.74,199.2908671,6.195,False
41,09/11/2012,45.53,3.545,10649.25,15810.18,7.84,2337.29,3043.82,199.3622024,6.195,False
41,16/11/2012,30.69,3.479,8112.64,1624.71,124.6,1308.26,8920.54,199.4313603,6.195,False
41,23/11/2012,41.18,3.45,1360.02,0.21,97533.4,471.44,2013.79,199.4976149,6.195,True
41,30/11/2012,41.39,3.436,3610.17,0.15,3443.96,410.38,9284.5,199.5638695,6.195,False
41,07/12/2012,41.5,3.373,7479.33,,510.0,3244.57,18517.44,199.6301241,6.195,False
41,14/12/2012,26.39,3.303,2348.46,,92.0,7.0,3916.25,199.7190578,6.195,False
41,21/12/2012,27.14,3.218,4170.99,,146.6,13.94,5747.53,199.9440662,6.195,False
41,28/12/2012,20.11,3.108,13573.49,29277.5,346.8,81.38,2863.89,200.1690745,6.195,True
41,04/01/2013,19.21,3.034,1966.26,28719.98,27.41,21.5,8718.49,200.3940829,5.771,False
41,11/01/2013,29.97,2.957,4403.27,14675.4,8.12,248.44,6038.72,200.6190912,5.771,False
41,18/01/2013,13.54,2.889,3129.73,5783.4,5.58,1326.72,3696.28,200.7382625,5.771,False
41,25/01/2013,39.2,2.872,1078.02,2022.45,1.2,282.72,5024.01,200.815099,5.771,False
41,01/02/2013,30.86,2.998,19679.74,1148.08,412.8,30618.76,6293.68,200.8919355,5.771,False
41,08/02/2013,33.99,3.214,65739.82,644.1,420.98,63830.91,7392.57,200.968772,5.771,True
41,15/02/2013,21.51,3.391,10297.71,1453.52,48.72,7297.05,3964.32,201.040053,5.771,False
41,22/02/2013,24.94,3.563,9373.05,2772.3,13.64,3499.04,6667.3,201.0974452,5.771,False
41,01/03/2013,23.33,3.638,6203.97,290.98,10.2,75.33,3151.57,201.1548374,5.771,False
41,08/03/2013,34.86,3.624,10496.65,152.6,124.61,4403.94,4229.86,201.2122297,5.771,False
41,15/03/2013,37.06,3.607,17949.73,,17.97,4837.96,3093.16,201.2410473,5.771,False
41,22/03/2013,33.99,3.609,13835.73,,1511.2,629.62,2068.46,201.1984283,5.771,False
41,29/03/2013,28.66,3.605,8237.64,,1128.32,1581.83,4109.54,201.1558092,5.771,False
41,05/04/2013,42.11,3.633,13759.98,3991.47,512.33,2068.7,3856.26,201.1131902,5.639,False
41,12/04/2013,31.48,3.642,12631.38,2593.27,80.69,3004.98,5224.39,201.0705712,5.639,False
41,19/04/2013,26.84,3.603,4624.18,25.77,137.36,351.08,3398.42,201.0705712,5.639,False
41,26/04/2013,35.73,3.568,800.62,5.96,196.18,64.24,2037.31,201.0705712,5.639,False
41,03/05/2013,41.31,3.573,6243.44,20.0,123.27,1282.85,4470.65,,,False
41,10/05/2013,46.71,3.609,6996.01,407.94,56.91,5103.48,3511.73,,,False
41,17/05/2013,60.76,3.703,3904.25,478.82,21.52,665.34,9370.85,,,False
41,24/05/2013,52.86,3.884,8239.07,406.43,146.99,2763.44,5176.28,,,False
41,31/05/2013,57.89,3.87,3110.78,471.56,392.73,44.27,1609.65,,,False
41,07/06/2013,57.29,3.825,9583.15,1106.91,235.12,7078.64,5195.84,,,False
41,14/06/2013,68.49,3.797,5993.49,828.97,796.91,3273.0,2851.27,,,False
41,21/06/2013,66.51,3.736,4996.41,584.29,267.69,2367.06,2711.71,,,False
41,28/06/2013,70.69,3.691,4586.11,931.02,5.0,4958.54,4106.76,,,False
41,05/07/2013,69.04,3.637,8919.15,3726.18,640.56,9609.24,2680.85,,,False
41,12/07/2013,73.41,3.583,3566.03,1735.73,68.05,2897.27,2903.13,,,False
41,19/07/2013,68.21,3.585,3320.48,1520.39,68.7,497.24,5284.27,,,False
41,26/07/2013,67.56,3.582,497.67,1454.29,6.3,4.0,2418.0,,,False
42,05/02/2010,54.34,2.962,,,,,,126.4420645,9.765,False
42,12/02/2010,49.96,2.828,,,,,,126.4962581,9.765,True
42,19/02/2010,58.22,2.915,,,,,,126.5262857,9.765,False
42,26/02/2010,52.77,2.825,,,,,,126.5522857,9.765,False
42,05/03/2010,55.92,2.877,,,,,,126.5782857,9.765,False
42,12/03/2010,52.33,3.034,,,,,,126.6042857,9.765,False
42,19/03/2010,61.46,3.054,,,,,,126.6066452,9.765,False
42,26/03/2010,60.05,2.98,,,,,,126.6050645,9.765,False
42,02/04/2010,63.66,3.086,,,,,,126.6034839,9.524,False
42,09/04/2010,65.29,3.004,,,,,,126.6019032,9.524,False
42,16/04/2010,69.74,3.109,,,,,,126.5621,9.524,False
42,23/04/2010,66.42,3.05,,,,,,126.4713333,9.524,False
42,30/04/2010,69.76,3.105,,,,,,126.3805667,9.524,False
42,07/05/2010,71.06,3.127,,,,,,126.2898,9.524,False
42,14/05/2010,73.88,3.145,,,,,,126.2085484,9.524,False
42,21/05/2010,78.32,3.12,,,,,,126.1843871,9.524,False
42,28/05/2010,76.67,3.058,,,,,,126.1602258,9.524,False
42,04/06/2010,82.82,2.941,,,,,,126.1360645,9.524,False
42,11/06/2010,89.67,3.057,,,,,,126.1119032,9.524,False
42,18/06/2010,83.49,2.935,,,,,,126.114,9.524,False
42,25/06/2010,90.32,3.084,,,,,,126.1266,9.524,False
42,02/07/2010,92.89,2.978,,,,,,126.1392,9.199,False
42,09/07/2010,91.03,3.1,,,,,,126.1518,9.199,False
42,16/07/2010,91.8,2.971,,,,,,126.1498065,9.199,False
42,23/07/2010,88.44,3.112,,,,,,126.1283548,9.199,False
42,30/07/2010,85.03,3.017,,,,,,126.1069032,9.199,False
42,06/08/2010,86.13,3.123,,,,,,126.0854516,9.199,False
42,13/08/2010,88.37,3.049,,,,,,126.064,9.199,False
42,20/08/2010,89.88,3.041,,,,,,126.0766452,9.199,False
42,27/08/2010,84.99,3.022,,,,,,126.0892903,9.199,False
42,03/09/2010,83.8,3.087,,,,,,126.1019355,9.199,False
42,10/09/2010,84.04,2.961,,,,,,126.1145806,9.199,True
42,17/09/2010,85.52,3.028,,,,,,126.1454667,9.199,False
42,24/09/2010,85.75,2.939,,,,,,126.1900333,9.199,False
42,01/10/2010,86.01,3.001,,,,,,126.2346,9.003,False
42,08/10/2010,77.04,2.924,,,,,,126.2791667,9.003,False
42,15/10/2010,75.48,3.08,,,,,,126.3266774,9.003,False
42,22/10/2010,68.12,3.014,,,,,,126.3815484,9.003,False
42,29/10/2010,68.76,3.13,,,,,,126.4364194,9.003,False
42,05/11/2010,71.04,3.009,,,,,,126.4912903,9.003,False
42,12/11/2010,61.24,3.13,,,,,,126.5461613,9.003,False
42,19/11/2010,58.83,3.047,,,,,,126.6072,9.003,False
42,26/11/2010,55.33,3.162,,,,,,126.6692667,9.003,True
42,03/12/2010,51.17,3.041,,,,,,126.7313333,9.003,False
42,10/12/2010,60.51,3.091,,,,,,126.7934,9.003,False
42,17/12/2010,59.15,3.125,,,,,,126.8794839,9.003,False
42,24/12/2010,57.06,3.236,,,,,,126.9835806,9.003,False
42,31/12/2010,49.67,3.148,,,,,,127.0876774,9.003,True
42,07/01/2011,43.43,3.287,,,,,,127.1917742,8.744,False
42,14/01/2011,49.98,3.312,,,,,,127.3009355,8.744,False
42,21/01/2011,56.75,3.336,,,,,,127.4404839,8.744,False
42,28/01/2011,53.03,3.231,,,,,,127.5800323,8.744,False
42,04/02/2011,44.88,3.348,,,,,,127.7195806,8.744,False
42,11/02/2011,51.51,3.381,,,,,,127.859129,8.744,True
42,18/02/2011,61.77,3.43,,,,,,127.99525,8.744,False
42,25/02/2011,53.59,3.398,,,,,,128.13,8.744,False
42,04/03/2011,56.96,3.674,,,,,,128.26475,8.744,False
42,11/03/2011,64.22,3.63,,,,,,128.3995,8.744,False
42,18/03/2011,70.12,3.892,,,,,,128.5121935,8.744,False
42,25/03/2011,62.53,3.716,,,,,,128.6160645,8.744,False
42,01/04/2011,67.64,3.772,,,,,,128.7199355,8.494,False
42,08/04/2011,73.03,3.818,,,,,,128.8238065,8.494,False
42,15/04/2011,61.05,4.089,,,,,,128.9107333,8.494,False
42,22/04/2011,75.93,3.917,,,,,,128.9553,8.494,False
42,29/04/2011,73.38,4.151,,,,,,128.9998667,8.494,False
42,06/05/2011,73.56,4.193,,,,,,129.0444333,8.494,False
42,13/05/2011,74.04,4.202,,,,,,129.089,8.494,False
42,20/05/2011,72.62,3.99,,,,,,129.0756774,8.494,False
42,27/05/2011,78.62,3.933,,,,,,129.0623548,8.494,False
42,03/06/2011,81.87,3.893,,,,,,129.0490323,8.494,False
42,10/06/2011,84.57,3.981,,,,,,129.0357097,8.494,False
42,17/06/2011,87.96,3.935,,,,,,129.0432,8.494,False
42,24/06/2011,90.69,3.807,,,,,,129.0663,8.494,False
42,01/07/2011,95.36,3.842,,,,,,129.0894,8.257,False
42,08/07/2011,88.57,3.793,,,,,,129.1125,8.257,False
42,15/07/2011,86.01,3.779,,,,,,129.1338387,8.257,False
42,22/07/2011,88.59,3.697,,,,,,129.1507742,8.257,False
42,29/07/2011,86.75,3.694,,,,,,129.1677097,8.257,False
42,05/08/2011,89.8,3.803,,,,,,129.1846452,8.257,False
42,12/08/2011,85.61,3.794,,,,,,129.2015806,8.257,False
42,19/08/2011,87.4,3.743,,,,,,129.2405806,8.257,False
42,26/08/2011,91.59,3.663,,,,,,129.2832581,8.257,False
42,02/09/2011,91.61,3.798,,,,,,129.3259355,8.257,False
42,09/09/2011,89.06,3.771,,,,,,129.3686129,8.257,True
42,16/09/2011,77.49,3.784,,,,,,129.4306,8.257,False
42,23/09/2011,82.51,3.789,,,,,,129.5183333,8.257,False
42,30/09/2011,82.27,3.877,,,,,,129.6060667,8.257,False
42,07/10/2011,75.01,3.827,,,,,,129.6938,7.874,False
42,14/10/2011,70.27,3.698,,,,,,129.7706452,7.874,False
42,21/10/2011,77.91,3.842,,,,,,129.7821613,7.874,False
42,28/10/2011,72.79,3.843,,,,,,129.7936774,7.874,False
42,04/11/2011,68.57,3.828,,,,,,129.8051935,7.874,False
42,11/11/2011,55.28,3.677,25.73,274.85,14.74,,2885.55,129.8167097,7.874,False
42,18/11/2011,58.97,3.669,2544.26,12.31,2.02,,3385.15,129.8268333,7.874,False
42,25/11/2011,60.68,3.76,25.8,,4.7,,1932.72,129.8364,7.874,True
42,02/12/2011,57.29,3.701,24.09,,4.7,,1016.84,129.8459667,7.874,False
42,09/12/2011,42.58,3.644,31.2,,21.31,,1872.37,129.8555333,7.874,False
42,16/12/2011,50.53,3.489,2.42,,31.33,,675.78,129.8980645,7.874,False
42,23/12/2011,48.36,3.541,103.5,,19.63,,939.49,129.9845484,7.874,False
42,30/12/2011,48.92,3.428,242.41,1447.26,3.64,183.96,459.06,130.0710323,7.874,True
42,06/01/2012,59.85,3.443,2.91,2655.21,77.86,,649.61,130.1575161,7.545,False
42,13/01/2012,51.0,3.477,1251.87,2536.15,21.1,,515.26,130.244,7.545,False
42,20/01/2012,54.51,3.66,604.05,1982.9,,,343.93,130.2792258,7.545,False
42,27/01/2012,53.59,3.675,2.4,539.32,,,816.91,130.3144516,7.545,False
42,03/02/2012,56.85,3.543,1351.16,17.81,15.97,263.92,1415.88,130.3496774,7.545,False
42,10/02/2012,55.73,3.722,992.73,13.93,25.7,,1700.95,130.3849032,7.545,True
42,17/02/2012,54.12,3.781,66.87,736.8,3.94,,996.28,130.4546207,7.545,False
42,24/02/2012,56.02,3.95,353.39,232.44,,,1644.66,130.5502069,7.545,False
42,02/03/2012,57.62,3.882,441.4,10.78,1.96,,1511.43,130.6457931,7.545,False
42,09/03/2012,57.65,3.963,392.63,1.0,3.43,2.8,798.38,130.7413793,7.545,False
42,16/03/2012,62.11,4.273,438.48,1.5,2.35,,2251.09,130.8261935,7.545,False
42,23/03/2012,56.54,4.288,2.43,,0.68,,796.25,130.8966452,7.545,False
42,30/03/2012,67.92,4.294,341.0,1.5,,21.94,1431.13,130.9670968,7.545,False
42,06/04/2012,65.99,4.282,2.12,,34.23,,250.62,131.0375484,7.382,False
42,13/04/2012,70.28,4.254,146.91,848.67,14.51,,1191.9,131.108,7.382,False
42,20/04/2012,67.75,4.111,82.23,169.55,16.1,,642.71,131.1173333,7.382,False
42,27/04/2012,80.11,4.088,685.44,,12.09,,512.76,131.1266667,7.382,False
42,04/05/2012,77.02,4.058,163.43,,18.34,,935.36,131.136,7.382,False
42,11/05/2012,76.03,4.186,312.29,,4.0,,1445.4,131.1453333,7.382,False
42,18/05/2012,85.19,4.308,354.41,,,,1393.17,131.0983226,7.382,False
42,25/05/2012,86.03,4.127,63.93,,0.9,,1169.65,131.0287742,7.382,False
42,01/06/2012,80.06,4.277,609.75,,1.1,43.67,726.34,130.9592258,7.382,False
42,08/06/2012,86.87,4.103,349.94,,16.64,,1272.21,130.8896774,7.382,False
42,15/06/2012,88.58,4.144,499.78,,2.17,,1187.29,130.8295333,7.382,False
42,22/06/2012,89.92,4.014,44.66,,,,1338.53,130.7929,7.382,False
42,29/06/2012,91.36,3.875,755.44,,,,1062.46,130.7562667,7.382,False
42,06/07/2012,86.87,3.666,156.49,,9.43,,876.53,130.7196333,7.17,False
42,13/07/2012,89.8,3.723,769.08,,2.36,,2678.63,130.683,7.17,False
42,20/07/2012,84.45,3.589,200.92,,4.48,,1026.11,130.7012903,7.17,False
42,27/07/2012,83.98,3.769,24.48,,,,1660.33,130.7195806,7.17,False
42,03/08/2012,84.76,3.595,,,5.97,,628.99,130.737871,7.17,False
42,10/08/2012,90.78,3.811,69.32,,18.08,,353.19,130.7561613,7.17,False
42,17/08/2012,88.83,4.002,246.98,,24.22,13.23,3098.22,130.7909677,7.17,False
42,24/08/2012,82.5,4.055,548.62,,54.43,57.18,2628.1,130.8381613,7.17,False
42,31/08/2012,86.97,3.886,285.66,,18.65,141.64,906.18,130.8853548,7.17,False
42,07/09/2012,83.07,4.124,341.05,,220.6,72.7,1629.72,130.9325484,7.17,True
42,14/09/2012,78.47,3.966,745.27,,46.65,,945.84,130.9776667,7.17,False
42,21/09/2012,81.93,4.125,,,,,164.08,131.0103333,7.17,False
42,28/09/2012,82.52,3.966,123.87,,,,548.02,131.043,7.17,False
42,05/10/2012,80.88,4.132,479.07,,6.0,10.64,2565.13,131.0756667,6.943,False
42,12/10/2012,76.03,4.468,49.38,,10.87,,970.72,131.1083333,6.943,False
42,19/10/2012,72.71,4.449,56.03,,8.69,,455.38,131.1499677,6.943,False
42,26/10/2012,70.5,4.301,,0.75,2.0,,1034.55,131.1930968,6.943,False
42,02/11/2012,70.79,4.099,,559.24,4.87,,551.88,131.2362258,6.943,False
42,09/11/2012,70.28,3.78,450.28,675.34,6.0,,1045.15,131.2793548,6.943,False
42,16/11/2012,58.82,3.703,448.82,102.84,30.88,,2273.8,131.3258,6.943,False
42,23/11/2012,63.95,3.759,4.62,,4.0,,2762.46,131.3766667,6.943,True
42,30/11/2012,64.13,3.719,333.89,,,13.86,938.84,131.4275333,6.943,False
42,07/12/2012,61.21,3.668,9.53,,,,1379.21,131.4784,6.943,False
42,14/12/2012,53.86,3.597,500.13,,,,384.64,131.537,6.943,False
42,21/12/2012,49.79,3.393,963.42,,5.74,,942.02,131.642,6.943,False
42,28/12/2012,50.09,3.48,335.64,1128.51,16.83,,1302.31,131.747,6.943,True
42,04/01/2013,45.01,3.339,1012.98,1074.51,8.0,44.46,635.88,131.852,6.897,False
42,11/01/2013,49.38,3.542,279.49,623.96,0.9,,728.98,131.957,6.897,False
42,18/01/2013,40.67,3.545,8063.8,30.35,,,982.43,132.030871,6.897,False
42,25/01/2013,59.76,3.558,7.96,7.84,,,342.79,132.0922903,6.897,False
42,01/02/2013,51.86,3.6,4.0,27.14,33.3,,922.4,132.1537097,6.897,False
42,08/02/2013,57.25,3.795,1174.58,141.05,30.8,20.83,949.69,132.215129,6.897,True
42,15/02/2013,45.8,3.612,1061.18,378.8,5.4,30.25,934.87,132.2725714,6.897,False
42,22/02/2013,52.39,4.031,355.16,322.99,,,2571.61,132.3200714,6.897,False
42,01/03/2013,48.17,3.83,767.27,,,,765.34,132.3675714,6.897,False
42,08/03/2013,64.17,4.125,678.13,,76.74,,1251.51,132.4150714,6.897,False
42,15/03/2013,62.1,3.885,160.55,,16.66,,1128.4,132.4668065,6.897,False
42,22/03/2013,70.18,4.062,506.13,,,,802.81,132.529129,6.897,False
42,29/03/2013,68.22,4.016,438.36,,11.47,2.97,705.52,132.5914516,6.897,False
42,05/04/2013,70.74,3.808,459.08,1073.79,29.64,,1149.89,132.6537742,6.791,False
42,12/04/2013,66.61,3.797,204.98,439.95,5.22,,885.68,132.7160968,6.791,False
42,19/04/2013,68.63,3.941,517.04,,,,1617.21,132.7160968,6.791,False
42,26/04/2013,74.61,3.889,78.76,,,,828.13,132.7160968,6.791,False
42,03/05/2013,78.41,3.671,97.72,,21.53,,2697.25,,,False
42,10/05/2013,74.59,3.689,148.63,,12.81,,1086.98,,,False
42,17/05/2013,82.47,3.809,793.49,,1.2,,1384.9,,,False
42,24/05/2013,81.57,3.835,105.92,,17.84,,2908.72,,,False
42,31/05/2013,82.62,3.829,78.46,,1.44,,232.27,,,False
42,07/06/2013,89.22,3.789,198.91,,4.96,,1836.34,,,False
42,14/06/2013,91.98,3.771,10.63,,8.24,,1735.58,,,False
42,21/06/2013,90.67,3.766,230.59,,3.08,,806.64,,,False
42,28/06/2013,90.28,3.781,1053.69,,,,4143.9,,,False
42,05/07/2013,93.54,3.753,360.49,,48.46,313.04,1007.61,,,False
42,12/07/2013,87.18,3.737,51.96,,9.98,,1346.73,,,False
42,19/07/2013,87.09,3.823,211.63,,3.71,,478.31,,,False
42,26/07/2013,83.32,3.865,,,0.17,,756.79,,,False
43,05/02/2010,47.31,2.572,,,,,,203.0642742,9.521,False
43,12/02/2010,47.99,2.548,,,,,,203.2010968,9.521,True
43,19/02/2010,48.77,2.514,,,,,,203.2479796,9.521,False
43,26/02/2010,48.77,2.561,,,,,,203.2798724,9.521,False
43,05/03/2010,52.89,2.625,,,,,,203.3117653,9.521,False
43,12/03/2010,53.67,2.667,,,,,,203.3436582,9.521,False
43,19/03/2010,56.0,2.72,,,,,,203.195159,9.521,False
43,26/03/2010,54.53,2.732,,,,,,203.0165945,9.521,False
43,02/04/2010,62.19,2.719,,,,,,202.83803,9.593,False
43,09/04/2010,64.37,2.77,,,,,,202.6594654,9.593,False
43,16/04/2010,69.46,2.808,,,,,,202.5351571,9.593,False
43,23/04/2010,62.71,2.795,,,,,,202.4831905,9.593,False
43,30/04/2010,66.91,2.78,,,,,,202.4312238,9.593,False
43,07/05/2010,67.16,2.835,,,,,,202.3792571,9.593,False
43,14/05/2010,72.14,2.854,,,,,,202.3705092,9.593,False
43,21/05/2010,74.74,2.826,,,,,,202.6210737,9.593,False
43,28/05/2010,78.59,2.759,,,,,,202.8716382,9.593,False
43,04/06/2010,82.76,2.705,,,,,,203.1222028,9.593,False
43,11/06/2010,88.12,2.668,,,,,,203.3727673,9.593,False
43,18/06/2010,84.9,2.637,,,,,,203.370619,9.593,False
43,25/06/2010,88.48,2.653,,,,,,203.2673857,9.593,False
43,02/07/2010,80.17,2.669,,,,,,203.1641524,9.816,False
43,09/07/2010,81.52,2.642,,,,,,203.060919,9.816,False
43,16/07/2010,84.17,2.623,,,,,,203.0538548,9.816,False
43,23/07/2010,86.6,2.608,,,,,,203.1750161,9.816,False
43,30/07/2010,79.79,2.64,,,,,,203.2961774,9.816,False
43,06/08/2010,84.66,2.627,,,,,,203.4173387,9.816,False
43,13/08/2010,86.31,2.692,,,,,,203.5385,9.816,False
43,20/08/2010,85.26,2.664,,,,,,203.5092419,9.816,False
43,27/08/2010,80.32,2.619,,,,,,203.4799839,9.816,False
43,03/09/2010,80.43,2.577,,,,,,203.4507258,9.816,False
43,10/09/2010,81.32,2.565,,,,,,203.4214677,9.816,True
43,17/09/2010,78.86,2.582,,,,,,203.4499286,9.816,False
43,24/09/2010,77.42,2.624,,,,,,203.5216786,9.816,False
43,01/10/2010,77.93,2.603,,,,,,203.5934286,10.21,False
43,08/10/2010,72.81,2.633,,,,,,203.6651786,10.21,False
43,15/10/2010,68.78,2.72,,,,,,203.7299032,10.21,False
43,22/10/2010,69.46,2.725,,,,,,203.7770645,10.21,False
43,29/10/2010,65.88,2.716,,,,,,203.8242258,10.21,False
43,05/11/2010,62.52,2.689,,,,,,203.8713871,10.21,False
43,12/11/2010,59.98,2.728,,,,,,203.9185484,10.21,False
43,19/11/2010,54.96,2.771,,,,,,203.8191286,10.21,False
43,26/11/2010,54.76,2.735,,,,,,203.6952786,10.21,True
43,03/12/2010,44.56,2.708,,,,,,203.5714286,10.21,False
43,10/12/2010,52.52,2.843,,,,,,203.4475786,10.21,False
43,17/12/2010,56.51,2.869,,,,,,203.3996521,10.21,False
43,24/12/2010,57.15,2.886,,,,,,203.4086682,10.21,False
43,31/12/2010,48.61,2.943,,,,,,203.4176843,10.21,True
43,07/01/2011,40.47,2.976,,,,,,203.4267005,10.398,False
43,14/01/2011,43.45,2.983,,,,,,203.4840645,10.398,False
43,21/01/2011,53.05,3.016,,,,,,203.8315161,10.398,False
43,28/01/2011,44.98,3.01,,,,,,204.1789677,10.398,False
43,04/02/2011,33.21,2.989,,,,,,204.5264194,10.398,False
43,11/02/2011,40.65,3.022,,,,,,204.873871,10.398,True
43,18/02/2011,59.15,3.045,,,,,,205.1683214,10.398,False
43,25/02/2011,58.37,3.065,,,,,,205.4415714,10.398,False
43,04/03/2011,60.26,3.288,,,,,,205.7148214,10.398,False
43,11/03/2011,60.24,3.459,,,,,,205.9880714,10.398,False
43,18/03/2011,68.98,3.488,,,,,,206.225924,10.398,False
43,25/03/2011,65.53,3.473,,,,,,206.4496175,10.398,False
43,01/04/2011,67.79,3.524,,,,,,206.6733111,10.581,False
43,08/04/2011,70.35,3.622,,,,,,206.8970046,10.581,False
43,15/04/2011,65.01,3.743,,,,,,207.1015429,10.581,False
43,22/04/2011,74.49,3.807,,,,,,207.2581929,10.581,False
43,29/04/2011,71.34,3.81,,,,,,207.4148429,10.581,False
43,06/05/2011,66.77,3.906,,,,,,207.5714929,10.581,False
43,13/05/2011,76.03,3.899,,,,,,207.7281429,10.581,False
43,20/05/2011,74.21,3.907,,,,,,207.5200622,10.581,False
43,27/05/2011,80.89,3.786,,,,,,207.3119816,10.581,False
43,03/06/2011,83.49,3.699,,,,,,207.1039009,10.581,False
43,10/06/2011,85.81,3.648,,,,,,206.8958203,10.581,False
43,17/06/2011,88.49,3.637,,,,,,206.8560238,10.581,False
43,24/06/2011,88.3,3.594,,,,,,206.9424405,10.581,False
43,01/07/2011,91.36,3.524,,,,,,207.0288571,10.641,False
43,08/07/2011,87.02,3.48,,,,,,207.1152738,10.641,False
43,15/07/2011,84.67,3.575,,,,,,207.1940691,10.641,False
43,22/07/2011,88.58,3.651,,,,,,207.2538111,10.641,False
43,29/07/2011,83.43,3.682,,,,,,207.313553,10.641,False
43,05/08/2011,87.47,3.684,,,,,,207.3732949,10.641,False
43,12/08/2011,86.64,3.638,,,,,,207.4330369,10.641,False
43,19/08/2011,82.08,3.554,,,,,,207.4953088,10.641,False
43,26/08/2011,87.43,3.523,,,,,,207.5580023,10.641,False
43,02/09/2011,87.84,3.533,,,,,,207.6206959,10.641,False
43,09/09/2011,79.29,3.546,,,,,,207.6833894,10.641,True
43,16/09/2011,77.17,3.526,,,,,,207.8527143,10.641,False
43,23/09/2011,78.98,3.467,,,,,,208.1642143,10.641,False
43,30/09/2011,78.97,3.355,,,,,,208.4757143,10.641,False
43,07/10/2011,74.17,3.285,,,,,,208.7872143,10.148,False
43,14/10/2011,68.09,3.274,,,,,,209.0752166,10.148,False
43,21/10/2011,70.3,3.353,,,,,,209.2222327,10.148,False
43,28/10/2011,66.82,3.372,,,,,,209.3692488,10.148,False
43,04/11/2011,59.08,3.332,,,,,,209.516265,10.148,False
43,11/11/2011,51.26,3.297,179.25,944.52,3.06,,2836.25,209.6632811,10.148,False
43,18/11/2011,57.75,3.308,32.13,3.37,2.56,,1004.04,209.8651071,10.148,False
43,25/11/2011,55.7,3.236,3.37,,5.76,,212.75,210.0888571,10.148,True
43,02/12/2011,47.49,3.172,14.82,,6.11,,1707.13,210.3126071,10.148,False
43,09/12/2011,34.23,3.158,38.34,,7.41,,1707.87,210.5363571,10.148,False
43,16/12/2011,43.78,3.159,4.86,,2.5,,1070.83,210.7365392,10.148,False
43,23/12/2011,42.63,3.112,75.54,,3.75,,1276.15,210.9052972,10.148,False
43,30/12/2011,41.83,3.129,415.59,1926.05,,50.66,837.74,211.0740553,10.148,True
43,06/01/2012,47.59,3.157,32.95,1699.03,70.35,,1168.66,211.2428134,9.653,False
43,13/01/2012,43.68,3.261,894.04,209.71,32.36,,1191.88,211.4115714,9.653,False
43,20/01/2012,52.72,3.268,320.8,24.36,31.72,,153.04,211.4997811,9.653,False
43,27/01/2012,52.1,3.29,122.11,8.64,26.26,,532.33,211.5879908,9.653,False
43,03/02/2012,51.92,3.36,1702.1,33.56,51.66,152.82,2211.81,211.6762005,9.653,False
43,10/02/2012,46.54,3.409,565.9,,27.07,,1984.35,211.7644101,9.653,True
43,17/02/2012,49.38,3.51,109.95,1389.84,0.52,,2824.89,211.916835,9.653,False
43,24/02/2012,53.53,3.555,439.68,361.74,,,1450.19,212.1174212,9.653,False
43,02/03/2012,56.43,3.63,346.74,2.56,15.84,,1429.73,212.3180074,9.653,False
43,09/03/2012,54.52,3.669,392.09,0.5,,,1293.41,212.5185936,9.653,False
43,16/03/2012,57.88,3.734,257.14,,2.04,,631.56,212.6651567,9.653,False
43,23/03/2012,56.28,3.787,197.77,,1.36,,1485.55,212.7396889,9.653,False
43,30/03/2012,69.88,3.845,144.85,,,,470.29,212.8142212,9.653,False
43,06/04/2012,64.7,3.891,177.39,,12.17,,1479.85,212.8887535,9.575,False
43,13/04/2012,70.18,3.891,150.15,1125.71,4.49,,407.12,212.9632857,9.575,False
43,20/04/2012,67.28,3.877,239.84,1777.55,5.6,86.89,870.6,213.0130524,9.575,False
43,27/04/2012,78.27,3.814,251.26,,1.98,,719.56,213.062819,9.575,False
43,04/05/2012,77.47,3.749,364.76,,9.06,,949.81,213.1125857,9.575,False
43,11/05/2012,67.59,3.688,25.3,,2.16,,494.05,213.1623524,9.575,False
43,18/05/2012,72.06,3.63,939.16,,,,1477.98,213.1753618,9.575,False
43,25/05/2012,82.41,3.561,566.81,,1.1,,875.91,213.1736682,9.575,False
43,01/06/2012,80.89,3.501,290.87,,0.8,,725.1,213.1719747,9.575,False
43,08/06/2012,85.73,3.452,446.4,,3.96,,1732.71,213.1702811,9.575,False
43,15/06/2012,87.75,3.393,402.48,,0.65,,1315.66,213.1786952,9.575,False
43,22/06/2012,87.51,3.346,184.26,,3.2,,1298.9,213.2123786,9.575,False
43,29/06/2012,89.85,3.286,289.03,,,,2027.07,213.2460619,9.575,False
43,06/07/2012,82.68,3.227,219.7,,3.02,,1141.12,213.2797452,9.285,False
43,13/07/2012,78.82,3.256,539.85,,0.71,,2373.05,213.3134286,9.285,False
43,20/07/2012,83.83,3.311,233.77,,3.69,,1256.91,213.3219124,9.285,False
43,27/07/2012,82.01,3.407,22.35,,1.19,,1452.64,213.3303963,9.285,False
43,03/08/2012,85.06,3.417,312.78,,24.23,22.86,1317.6,213.3388802,9.285,False
43,10/08/2012,86.36,3.494,173.95,,9.33,,1073.06,213.3473641,9.285,False
43,17/08/2012,85.66,3.571,254.74,,11.9,,792.66,213.4226959,9.285,False
43,24/08/2012,81.65,3.62,364.02,,13.07,,1309.22,213.5481636,9.285,False
43,31/08/2012,81.12,3.638,699.48,,12.39,615.93,1122.02,213.6736313,9.285,False
43,07/09/2012,84.99,3.73,610.93,,18.29,50.5,516.76,213.7990991,9.285,True
43,14/09/2012,73.03,3.717,1601.72,,18.56,,1219.44,213.9332167,9.285,False
43,21/09/2012,75.87,3.721,259.57,,,,1792.73,214.1192333,9.285,False
43,28/09/2012,77.55,3.666,343.99,,,,1087.72,214.30525,9.285,False
43,05/10/2012,74.09,3.617,183.84,,0.01,,3093.39,214.4912667,8.839,False
43,12/10/2012,71.14,3.601,90.11,,14.56,,911.55,214.6772833,8.839,False
43,19/10/2012,71.25,3.594,121.84,,11.14,,964.01,214.7212488,8.839,False
43,26/10/2012,69.17,3.506,23.68,7.24,6.0,,815.05,214.7415392,8.839,False
43,02/11/2012,60.95,3.386,245.11,524.36,12.79,,2033.45,214.7618295,8.839,False
43,09/11/2012,64.96,3.314,139.8,1097.25,1.0,,872.72,214.7821198,8.839,False
43,16/11/2012,53.23,3.252,304.33,20.74,43.5,,2528.38,214.8142357,8.839,False
43,23/11/2012,59.02,3.211,2.14,,9.24,,163.01,214.862119,8.839,True
43,30/11/2012,55.73,3.207,310.55,,,,1305.39,214.9100024,8.839,False
43,07/12/2012,57.08,3.198,281.96,,10.52,,765.4,214.9578857,8.839,False
43,14/12/2012,46.8,3.168,378.87,,,,1051.35,215.0159101,8.839,False
43,21/12/2012,45.8,3.098,710.86,,3.14,,1005.13,215.1347811,8.839,False
43,28/12/2012,46.15,3.108,858.22,965.76,1.94,31.98,693.71,215.2536521,8.839,True
43,04/01/2013,35.25,3.161,73.99,1217.48,2.68,,1425.71,215.372523,8.934,False
43,11/01/2013,43.44,3.243,895.1,829.88,,,1527.24,215.491394,8.934,False
43,18/01/2013,35.85,3.237,741.12,233.52,,68.34,1137.33,215.5301728,8.934,False
43,25/01/2013,50.77,3.227,221.92,67.98,,,386.03,215.5369147,8.934,False
43,01/02/2013,48.3,3.244,304.02,18.1,48.7,3.0,1554.87,215.5436567,8.934,False
43,08/02/2013,54.94,3.417,1952.91,11.49,31.11,276.1,789.82,215.5503986,8.934,True
43,15/02/2013,47.66,3.475,1498.24,96.01,5.28,,1612.35,215.5941122,8.934,False
43,22/02/2013,47.78,3.597,928.83,223.39,,6.51,742.7,215.7302551,8.934,False
43,01/03/2013,45.87,3.711,1118.87,,,,1641.39,215.866398,8.934,False
43,08/03/2013,59.92,3.658,234.79,,73.33,,1037.07,216.0025408,8.934,False
43,15/03/2013,55.12,3.622,197.95,,14.15,63.78,1781.59,216.1226705,8.934,False
43,22/03/2013,66.45,3.611,363.23,,,,2421.83,216.2027673,8.934,False
43,29/03/2013,58.84,3.606,252.33,,16.95,23.76,1027.88,216.2828641,8.934,False
43,05/04/2013,68.15,3.583,229.36,3350.2,29.74,,1481.82,216.3629608,8.796,False
43,12/04/2013,65.37,3.529,504.79,280.62,5.15,1.74,714.19,216.4430576,8.796,False
43,19/04/2013,66.65,3.451,152.62,,,,753.71,216.4430576,8.796,False
43,26/04/2013,67.75,3.417,170.18,,,,1423.01,216.4430576,8.796,False
43,03/05/2013,70.45,3.386,80.07,,49.53,,549.26,,,False
43,10/05/2013,70.8,3.392,506.68,,20.33,,1984.05,,,False
43,17/05/2013,72.87,3.454,868.87,,4.08,,1751.03,,,False
43,24/05/2013,79.09,3.494,297.64,,23.27,,1424.93,,,False
43,31/05/2013,82.53,3.466,403.31,,12.01,,2463.06,,,False
43,07/06/2013,83.61,3.439,73.91,,10.71,,1800.87,,,False
43,14/06/2013,86.44,3.431,,,35.74,,678.28,,,False
43,21/06/2013,86.45,3.479,611.28,,20.67,,2140.31,,,False
43,28/06/2013,90.7,3.495,1014.78,,,,1267.34,,,False
43,05/07/2013,81.7,3.422,13.44,,163.92,,2091.79,,,False
43,12/07/2013,87.83,3.4,142.96,,29.46,,7035.07,,,False
43,19/07/2013,77.59,3.556,112.12,,8.19,2.0,722.5,,,False
43,26/07/2013,79.13,3.62,43.37,,1.18,,531.35,,,False
44,05/02/2010,31.53,2.666,,,,,,126.4420645,8.119,False
44,12/02/2010,33.16,2.671,,,,,,126.4962581,8.119,True
44,19/02/2010,35.7,2.654,,,,,,126.5262857,8.119,False
44,26/02/2010,29.98,2.667,,,,,,126.5522857,8.119,False
44,05/03/2010,40.65,2.681,,,,,,126.5782857,8.119,False
44,12/03/2010,37.62,2.733,,,,,,126.6042857,8.119,False
44,19/03/2010,42.49,2.782,,,,,,126.6066452,8.119,False
44,26/03/2010,41.48,2.819,,,,,,126.6050645,8.119,False
44,02/04/2010,42.15,2.842,,,,,,126.6034839,7.972,False
44,09/04/2010,38.97,2.877,,,,,,126.6019032,7.972,False
44,16/04/2010,50.39,2.915,,,,,,126.5621,7.972,False
44,23/04/2010,55.66,2.936,,,,,,126.4713333,7.972,False
44,30/04/2010,48.33,2.941,,,,,,126.3805667,7.972,False
44,07/05/2010,44.42,2.948,,,,,,126.2898,7.972,False
44,14/05/2010,50.15,2.962,,,,,,126.2085484,7.972,False
44,21/05/2010,57.71,2.95,,,,,,126.1843871,7.972,False
44,28/05/2010,53.11,2.908,,,,,,126.1602258,7.972,False
44,04/06/2010,59.85,2.871,,,,,,126.1360645,7.972,False
44,11/06/2010,65.24,2.841,,,,,,126.1119032,7.972,False
44,18/06/2010,58.41,2.819,,,,,,126.114,7.972,False
44,25/06/2010,71.83,2.82,,,,,,126.1266,7.972,False
44,02/07/2010,78.82,2.814,,,,,,126.1392,7.804,False
44,09/07/2010,71.33,2.802,,,,,,126.1518,7.804,False
44,16/07/2010,77.79,2.791,,,,,,126.1498065,7.804,False
44,23/07/2010,82.27,2.797,,,,,,126.1283548,7.804,False
44,30/07/2010,78.94,2.797,,,,,,126.1069032,7.804,False
44,06/08/2010,81.24,2.802,,,,,,126.0854516,7.804,False
44,13/08/2010,74.93,2.837,,,,,,126.064,7.804,False
44,20/08/2010,76.34,2.85,,,,,,126.0766452,7.804,False
44,27/08/2010,75.31,2.854,,,,,,126.0892903,7.804,False
44,03/09/2010,65.71,2.868,,,,,,126.1019355,7.804,False
44,10/09/2010,65.74,2.87,,,,,,126.1145806,7.804,True
44,17/09/2010,66.84,2.875,,,,,,126.1454667,7.804,False
44,24/09/2010,68.22,2.872,,,,,,126.1900333,7.804,False
44,01/10/2010,68.74,2.853,,,,,,126.2346,7.61,False
44,08/10/2010,63.03,2.841,,,,,,126.2791667,7.61,False
44,15/10/2010,54.12,2.845,,,,,,126.3266774,7.61,False
44,22/10/2010,56.89,2.849,,,,,,126.3815484,7.61,False
44,29/10/2010,45.12,2.841,,,,,,126.4364194,7.61,False
44,05/11/2010,49.96,2.831,,,,,,126.4912903,7.61,False
44,12/11/2010,42.55,2.831,,,,,,126.5461613,7.61,False
44,19/11/2010,42.0,2.842,,,,,,126.6072,7.61,False
44,26/11/2010,28.22,2.83,,,,,,126.6692667,7.61,True
44,03/12/2010,25.8,2.812,,,,,,126.7313333,7.61,False
44,10/12/2010,36.78,2.817,,,,,,126.7934,7.61,False
44,17/12/2010,35.21,2.842,,,,,,126.8794839,7.61,False
44,24/12/2010,34.9,2.846,,,,,,126.9835806,7.61,False
44,31/12/2010,26.79,2.868,,,,,,127.0876774,7.61,True
44,07/01/2011,16.94,2.891,,,,,,127.1917742,7.224,False
44,14/01/2011,20.6,2.903,,,,,,127.3009355,7.224,False
44,21/01/2011,34.8,2.934,,,,,,127.4404839,7.224,False
44,28/01/2011,31.64,2.96,,,,,,127.5800323,7.224,False
44,04/02/2011,23.35,2.974,,,,,,127.7195806,7.224,False
44,11/02/2011,30.83,3.034,,,,,,127.859129,7.224,True
44,18/02/2011,40.85,3.062,,,,,,127.99525,7.224,False
44,25/02/2011,33.17,3.12,,,,,,128.13,7.224,False
44,04/03/2011,34.23,3.23,,,,,,128.26475,7.224,False
44,11/03/2011,41.28,3.346,,,,,,128.3995,7.224,False
44,18/03/2011,44.69,3.407,,,,,,128.5121935,7.224,False
44,25/03/2011,42.38,3.435,,,,,,128.6160645,7.224,False
44,01/04/2011,42.49,3.487,,,,,,128.7199355,6.906,False
44,08/04/2011,42.75,3.547,,,,,,128.8238065,6.906,False
44,15/04/2011,41.72,3.616,,,,,,128.9107333,6.906,False
44,22/04/2011,47.55,3.655,,,,,,128.9553,6.906,False
44,29/04/2011,43.85,3.683,,,,,,128.9998667,6.906,False
44,06/05/2011,47.75,3.744,,,,,,129.0444333,6.906,False
44,13/05/2011,52.4,3.77,,,,,,129.089,6.906,False
44,20/05/2011,52.12,3.802,,,,,,129.0756774,6.906,False
44,27/05/2011,54.62,3.778,,,,,,129.0623548,6.906,False
44,03/06/2011,52.76,3.752,,,,,,129.0490323,6.906,False
44,10/06/2011,61.39,3.732,,,,,,129.0357097,6.906,False
44,17/06/2011,63.35,3.704,,,,,,129.0432,6.906,False
44,24/06/2011,66.38,3.668,,,,,,129.0663,6.906,False
44,01/07/2011,74.29,3.613,,,,,,129.0894,6.56,False
44,08/07/2011,77.3,3.563,,,,,,129.1125,6.56,False
44,15/07/2011,75.59,3.553,,,,,,129.1338387,6.56,False
44,22/07/2011,78.5,3.563,,,,,,129.1507742,6.56,False
44,29/07/2011,77.62,3.574,,,,,,129.1677097,6.56,False
44,05/08/2011,75.56,3.595,,,,,,129.1846452,6.56,False
44,12/08/2011,75.95,3.606,,,,,,129.2015806,6.56,False
44,19/08/2011,76.68,3.578,,,,,,129.2405806,6.56,False
44,26/08/2011,81.53,3.57,,,,,,129.2832581,6.56,False
44,02/09/2011,77.0,3.58,,,,,,129.3259355,6.56,False
44,09/09/2011,70.19,3.619,,,,,,129.3686129,6.56,True
44,16/09/2011,67.54,3.641,,,,,,129.4306,6.56,False
44,23/09/2011,63.6,3.648,,,,,,129.5183333,6.56,False
44,30/09/2011,68.28,3.623,,,,,,129.6060667,6.56,False
44,07/10/2011,60.62,3.592,,,,,,129.6938,6.078,False
44,14/10/2011,51.74,3.567,,,,,,129.7706452,6.078,False
44,21/10/2011,54.66,3.579,,,,,,129.7821613,6.078,False
44,28/10/2011,47.41,3.567,,,,,,129.7936774,6.078,False
44,04/11/2011,43.51,3.538,,,,,,129.8051935,6.078,False
44,11/11/2011,33.8,3.513,48.84,224.31,4.29,,778.47,129.8167097,6.078,False
44,18/11/2011,40.65,3.489,861.43,,,,940.29,129.8268333,6.078,False
44,25/11/2011,38.89,3.445,,,,,256.45,129.8364,6.078,True
44,02/12/2011,33.94,3.389,60.0,,4.23,,1185.19,129.8459667,6.078,False
44,09/12/2011,24.82,3.341,,,0.47,,441.57,129.8555333,6.078,False
44,16/12/2011,27.85,3.282,29.4,,6.75,,1041.62,129.8980645,6.078,False
44,23/12/2011,24.76,3.186,38.0,,,,746.84,129.9845484,6.078,False
44,30/12/2011,31.53,3.119,409.92,1566.42,,17.64,153.9,130.0710323,6.078,True
44,06/01/2012,33.8,3.08,1.94,51.41,54.05,,809.1,130.1575161,5.774,False
44,13/01/2012,25.61,3.056,1074.17,27.6,48.39,,545.15,130.244,5.774,False
44,20/01/2012,32.71,3.047,378.2,22.42,66.0,,481.09,130.2792258,5.774,False
44,27/01/2012,34.32,3.058,17.76,12.28,63.36,,224.86,130.3144516,5.774,False
44,03/02/2012,31.39,3.077,1518.53,4.0,77.54,,1177.48,130.3496774,5.774,False
44,10/02/2012,33.73,3.116,2463.16,11.5,76.33,,1635.49,130.3849032,5.774,True
44,17/02/2012,36.57,3.119,98.16,1080.01,17.6,,2583.41,130.4546207,5.774,False
44,24/02/2012,35.38,3.145,270.59,18.53,,,1148.17,130.5502069,5.774,False
44,02/03/2012,32.36,3.242,611.06,,3.39,59.19,925.79,130.6457931,5.774,False
44,09/03/2012,38.24,3.38,2456.13,1.5,0.49,28.06,691.4,130.7413793,5.774,False
44,16/03/2012,52.5,3.529,260.7,,0.99,,469.46,130.8261935,5.774,False
44,23/03/2012,47.83,3.671,347.09,3.0,0.34,,303.08,130.8966452,5.774,False
44,30/03/2012,53.2,3.734,87.86,,,2.36,1215.48,130.9670968,5.774,False
44,06/04/2012,48.85,3.793,253.38,,11.76,,512.25,131.0375484,5.621,False
44,13/04/2012,51.7,3.833,16.49,1118.27,18.08,,1460.89,131.108,5.621,False
44,20/04/2012,50.24,3.845,58.34,0.73,7.7,,402.9,131.1173333,5.621,False
44,27/04/2012,64.8,3.842,2489.9,,3.98,16.6,821.26,131.1266667,5.621,False
44,04/05/2012,54.41,3.831,513.1,,8.62,,529.55,131.136,5.621,False
44,11/05/2012,56.47,3.809,529.2,,2.1,,1064.56,131.1453333,5.621,False
44,18/05/2012,65.17,3.808,777.37,,,,1118.23,131.0983226,5.621,False
44,25/05/2012,62.39,3.801,63.04,,,,419.93,131.0287742,5.621,False
44,01/06/2012,61.11,3.788,375.61,,,,686.9,130.9592258,5.621,False
44,08/06/2012,68.4,3.776,276.3,,31.29,,1225.27,130.8896774,5.621,False
44,15/06/2012,65.97,3.756,3297.48,,9.88,23.04,993.88,130.8295333,5.621,False
44,22/06/2012,72.89,3.737,505.28,,0.79,43.89,1222.4,130.7929,5.621,False
44,29/06/2012,82.0,3.681,174.37,,,,1114.79,130.7562667,5.621,False
44,06/07/2012,79.23,3.63,781.9,,2.87,,1072.0,130.7196333,5.407,False
44,13/07/2012,83.68,3.595,372.75,,0.63,,411.08,130.683,5.407,False
44,20/07/2012,75.69,3.556,204.26,,1.22,,1140.85,130.7012903,5.407,False
44,27/07/2012,80.42,3.537,30.51,,,0.41,1736.91,130.7195806,5.407,False
44,03/08/2012,81.99,3.512,619.96,,1.54,77.58,1429.81,130.737871,5.407,False
44,10/08/2012,81.69,3.509,84.25,,6.99,4.41,831.23,130.7561613,5.407,False
44,17/08/2012,79.4,3.545,411.11,,9.77,,689.16,130.7909677,5.407,False
44,24/08/2012,77.37,3.582,73.93,,87.77,89.76,624.58,130.8381613,5.407,False
44,31/08/2012,79.18,3.624,356.47,,39.11,,795.72,130.8853548,5.407,False
44,07/09/2012,70.65,3.689,282.57,,106.31,,406.52,130.9325484,5.407,True
44,14/09/2012,68.55,3.749,1020.44,,22.15,,752.67,130.9776667,5.407,False
44,21/09/2012,67.96,3.821,57.17,,,,854.46,131.0103333,5.407,False
44,28/09/2012,64.8,3.821,380.96,,,,2022.03,131.043,5.407,False
44,05/10/2012,61.79,3.815,417.9,,0.02,,496.52,131.0756667,5.217,False
44,12/10/2012,55.1,3.797,69.96,,3.05,,999.62,131.1083333,5.217,False
44,19/10/2012,52.06,3.781,139.57,,3.5,,472.02,131.1499677,5.217,False
44,26/10/2012,46.97,3.755,38.65,2.61,0.98,,457.74,131.1930968,5.217,False
44,02/11/2012,52.55,3.702,27.13,552.09,6.58,,1114.48,131.2362258,5.217,False
44,09/11/2012,50.48,3.663,378.03,660.04,10.96,,776.87,131.2793548,5.217,False
44,16/11/2012,33.3,3.612,103.71,10.8,21.0,,992.02,131.3258,5.217,False
44,23/11/2012,46.21,3.562,8.92,,4.24,,736.13,131.3766667,5.217,True
44,30/11/2012,41.64,3.524,331.77,,,0.63,444.49,131.4275333,5.217,False
44,07/12/2012,43.67,3.456,31.56,,,,630.65,131.4784,5.217,False
44,14/12/2012,35.62,3.379,97.11,,,,357.72,131.537,5.217,False
44,21/12/2012,29.9,3.263,948.37,,11.2,,347.79,131.642,5.217,False
44,28/12/2012,30.07,3.147,1046.82,1821.61,6.69,48.36,265.43,131.747,5.217,True
44,04/01/2013,13.43,3.066,372.22,365.27,2.92,,893.08,131.852,4.983,False
44,11/01/2013,20.0,2.982,399.52,10.38,,,1189.35,131.957,4.983,False
44,18/01/2013,11.44,2.914,375.03,12.53,,,552.42,132.030871,4.983,False
44,25/01/2013,14.75,2.927,215.68,7.49,,,581.3,132.0922903,4.983,False
44,01/02/2013,30.44,3.029,43.36,5.34,2.6,,466.82,132.1537097,4.983,False
44,08/02/2013,26.11,3.192,2044.45,,1.02,,514.27,132.215129,4.983,True
44,15/02/2013,27.12,3.323,625.08,518.39,,,1065.96,132.2725714,4.983,False
44,22/02/2013,29.97,3.459,468.83,141.09,,71.92,384.17,132.3200714,4.983,False
44,01/03/2013,26.97,3.521,1474.54,,,,642.45,132.3675714,4.983,False
44,08/03/2013,37.63,3.526,207.82,,30.73,2.34,737.98,132.4150714,4.983,False
44,15/03/2013,46.72,3.518,410.57,,5.55,71.54,947.31,132.4668065,4.983,False
44,22/03/2013,42.94,3.518,1305.94,,,,691.74,132.529129,4.983,False
44,29/03/2013,41.71,3.518,265.87,,4.07,56.43,427.46,132.5914516,4.983,False
44,05/04/2013,53.84,3.547,809.59,329.96,10.47,,1015.8,132.6537742,4.872,False
44,12/04/2013,45.29,3.576,197.96,,1.3,,301.12,132.7160968,4.872,False
44,19/04/2013,41.07,3.559,143.12,,,2.61,269.11,132.7160968,4.872,False
44,26/04/2013,48.17,3.541,290.84,,,,389.14,132.7160968,4.872,False
44,03/05/2013,54.51,3.535,50.66,,14.27,,703.63,,,False
44,10/05/2013,59.55,3.543,86.07,,12.1,,888.61,,,False
44,17/05/2013,70.01,3.609,958.1,,0.24,,639.93,,,False
44,24/05/2013,57.25,3.72,136.06,,8.01,,1208.3,,,False
44,31/05/2013,60.51,3.773,468.8,,5.29,,1340.18,,,False
